MovieID,ChiTitle,EngTitle,ReleaseDate,StartWeekNo,ReleaseWkNo,Distributor,WeekendBO,FinalBO,Budget_mil,Country,D_Gen8,vacation,note
EMD0583801,暮光之城：破曉I,The Twilight Saga: Breaking Dawn - Part 1,2011/11/18,5844,5838,,,,,,,,
EMD0584101,101次新年快樂,New Year's Eve,2011/12/9,5844,5841,,,,,,,,
EMD0584201,不可能的任務：鬼影行動,Mission: Impossible - Ghost Protocol,2011/12/15,5844,5842,,,,,,,,
EMD0584202,鼠來寶3,Alvin and the Chipmunks 3D,2011/12/16,5844,5842,,,,,,,,
EMD0584203,戀愛恐慌症,Lovesick,2011/12/16,5844,5842,,,,,,,,
EMD0584301,我們買了動物園,We Bought A Zoo,2011/12/23,5844,5843,,2259751,9279118,15,0,8,0,
EMD0584302,福爾摩斯：詭影遊戲,Sherlock Holmes: A Game Of Shadows,2011/12/23,5844,5843,,20285629,96261212,16,0,1,0,
EMD0584303,龍門飛甲,The Flying Swords of Dragon Gate,2011/12/23,5844,5843,,,,,,,,
EMD0584401,鞋貓劍客,Puss In Boots,2011/12/30,5844,5844,,6582816,18851954,10,0,5,0,
EMD0584402,千禧三部曲I：龍紋身的女孩,The Girl With The Dragon Tattoo,2011/12/30,5844,5844,,4188443,20953146,14.2,0,1,0,
EMD0584403,醉後型男日記,The Rum Diary,2011/12/30,5844,5844,,1160951,3453806,NA,0,4,0,
EMD0584404,咆哮山莊,Wuthering Heights [2011],2011/12/30,5844,5844,,,,,,,,
EMD0584501,黑暗時刻,The Darkest Hour,2012/1/6,5844,5845,,3220894,8524074,12,0,1,0,
EMD0584502,怨靈,The Rabbit Horror(3D),2012/1/6,5844,5845,,,,,,,,
EMD0584601,龍飛鳳舞,Flying Dragon Dancing Phoenix,2012/1/13,5844,5846,,498378,2932856,9,1,5,0,總統大選日
EMD0584602,痞子英雄首部曲：全面開戰,Black & White,2012/1/13,5844,5846,,4682805,37910773,12,1,1,0,總統大選日
EMD0584701,決戰異世界：未來復甦,Underworld Awakening,2012/1/20,5844,5847,,3264765,37728385,10,0,1,1,農曆春節
EMD0584702,麻吉•妖怪島,Friends: Naki on the monster island,2012/1/20,5844,5847,,,,,,,,
EMD0584703,陣頭,Din Tao: Leader Of The Parade,2012/1/20,5844,5847,,1635214,106200840,8.5,1,4,1,農曆春節
EMD0584704,喜羊羊與灰太郎4：開心闖龍年,Mission Incredible: Adventures On The Dragon's Trail,2012/1/20,5844,5847,,,,,,,,
EMD0584705,禁運品,Contraband,2012/1/20,5844,5847,,1613865,22993493,8,0,1,1,農曆春節
EMD0584706,新天生一對,Perfect Two,2012/1/20,5844,5847,,1127360,16097791,10,1,4,1,農曆春節
EMD0584707,地心冒險2：神秘島,Journey 2: The Mysterious Island,2012/1/20,5844,5847,,5296110,61689950,20,1,3,1,農曆春節
EMD0584708,逆戰,The Viral Factor,2012/1/20,5844,5847,,770499,6393032,NA,2,1,1,農曆春節
EMD0584709,即刻反擊,Haywire,2012/1/20,5844,5847,,850473,6982772,NA,0,1,1,農曆春節
EMD0584801,寶島大爆走,Bang Bang Formosa,2012/1/27,5844,5848,,586968,1496187,5,1,5,1,農曆春節
EMD0584901,驚天換日,Man on a Ledge,2012/2/3,5844,5849,,,,,,,,
EMD0584902,超世紀戰神,RA. One,2012/2/3,5844,5849,,,,,,,,
EMD0584903,愛的麵包魂,The Soul Of The Bread,2012/2/3,5844,5849,,2469346,7324082,10,1,4,0,
EMD0584904,大魔術師,The Great Magician,2012/2/3,5844,5849,,1584757,4366414,NA,0,4,0,
EMD0584905,超能失控,Chronicle,2012/2/3,5844,5849,,4506900,11120833,12,0,1,0,
EMD0585001,分居風暴,A Separation,2012/2/10,5844,5850,,,,,,,,
EMD0585002,星際大戰：威脅潛伏3D版,Star Wars: Episode I – The Phantom Menace 3D,2012/2/10,5844,5850,,766845,1745855,7,0,3,2,情人節
EMD0585003,狡兔計畫,Safe House,2012/2/10,5844,5850,,6778966,25197579,10,0,1,2,情人節
EMD0585004,愛,LOVE,2012/2/10,5844,5850,,12850160,75068627,10,1,4,2,情人節
EMD0585005,美女與野獸3D版,Beauty And The Beast 3D,2012/2/10,5844,5850,,76970,204835,0.03,0,4,2,情人節
EMD0585006,頭號冤家,One For The Money,2012/2/10,5844,5850,,1310245,3919084,NA,0,5,2,情人節
EMD0585101,戰馬,War Horse,2012/2/17,5845,5851,,1963612,7348226,3.5,0,4,0,
EMD0585102,雨果的冒險,Hugo,2012/2/17,5849,5851,,1210060,8987120,1,0,3,0,
EMD0585103,3D惡靈戰警：復仇時刻,Ghost Rider: Spirit of Vengeance,2012/2/17,5845,5851,,7345435,19144100,7,0,3,0,
EMD0585104,重裝教士,Machine Gun Preacher,2012/2/17,5845,5851,,367630,904273,NA,0,1,0,
EMD0585105,繼承人生,Descendants,2012/2/17,5845,5851,,2811497,11602237,3.2,0,4,0,
EMD0585106,靈動檔案,The Awakening,2012/2/17,5844,5851,,,,,,,,
EMD0585201,龍鳳大雙胞,Jack and Jill,2012/2/24,5846,5852,,1944273,4901944,1.8,0,5,1,228連假
EMD0585202,大藝術家,The Artist,2012/2/24,5848,5852,,574266,4862328,3,0,4,1,228連假
EMD0585203,特務愛很大,This Means Wars,2012/2/24,5846,5852,,6791171,36188344,12,0,1,1,228連假
EMD0585204,鐵娘子：堅固柔情,The Iron Lady,2012/2/24,5848,5852,,3131509,20140516,NA,0,4,1,228連假
EMD0585205,心靈鑰匙,Extremely Loud and Incredibly Close,2012/2/24,5846,5852,,2591068,9876374,7,0,4,1,228連假
EMD0585301,金陵十三釵,Flowers of War,2012/3/2,5847,5853,,1100401,3287570,3.3,0,4,0,
EMD0585302,失戀33天,Love Is Not Blind,2012/3/2,5848,5853,,374615,1341144,6,0,4,0,
EMD0585303,夢露與我的浪漫週記,My Week with Marilyn,2012/3/2,5848,5853,,334797,871522,NA,0,4,0,
EMD0585304,顫慄黑影,The Woman In Black,2012/3/2,5844,5853,,,,,,,,
EMD0585305,昨日的記憶,When Yesterday Comes,2012/3/2,5844,5853,,,,,,4,,
EMD0585401,鯨奇之旅,Big Miracle,2012/3/9,5848,5854,,855019,2164967,3,0,4,0,
EMD0585402,異星戰場：強卡特戰記,John Carter,2012/3/9,5848,5854,,9977019,24870818,16.5,0,3,0,
EMD0585403,強艾德格,J. Edgar,2012/3/9,5848,5854,,2024154,5322097,5,0,4,0,
EMD0585404,桃姐,A Simple Life,2012/3/9,5848,5854,,6020976,29914669,7,0,4,0,
EMD0585501,海豹神兵：英勇行動,Act Of Valor,2012/3/16,5849,5855,,4237484,16606453,NA,0,1,0,
EMD0585502,致命救援,Gone,2012/3/16,5849,5855,,1201792,2801370,3,0,1,0,
EMD0585503,即刻獵殺,The Grey,2012/3/16,5848,5855,,2453411,5743664,8,0,1,0,
EMD0585504,以愛之名：翁山蘇姬,The Lady,2012/3/16,5848,5855,,1571274,10041258,3,0,4,0,
EMD0585601,心魔,The Devil Inside,2012/3/23,5849,5856,,1622644,4411430,4,0,4,0,
EMD0585602,飲食男女2：好遠又好近,Eat Drink Man Woman II,2012/3/23,5849,5856,,238107,730931,NA,0,4,0,
EMD0585603,飢餓遊戲,The Hunger Games,2012/3/23,5849,5856,龍祥,15199910,72503317,NA,0,3,0,
EMD0585604,第三個願望,The Third Wish,2012/3/23,5844,5856,,,,,,,,
EMD0585701,諜影行動,"Tinker, Tailor, Soldier, Spy",2012/3/30,5851,5857,,NA,NA,NA,0,1,0,
EMD0585702,羅雷司,The Lorax,2012/3/30,5849,5857,,2574092,7987002,8,0,5,0,
EMD0585703,怒戰天神,Wrath Of The Titans,2012/3/30,5849,5857,,10087960,29052539,16,0,3,0,
EMD0585704,逆轉人生,Intouchables,2012/3/30,5844,5857,,,,,,,,
EMD0585801,女孩壞壞,Bad Girls,2012/4/3,5850,5858,,713996,2448261,NA,1,5,0,
EMD0585802,3D鬼機No.8,Dark Flight 3D,2012/4/3,5852,5858,,1771235,6904645,2,0,2,0,
EMD0585803,鐵達尼號3D版,Titanic 3D,2012/4/3,5850,5858,,1659095,7278355,8,0,4,0,
EMD0585804,想愛趁現在,A Little Bit Of Heaven,2012/4/3,5850,5858,,1478185,6355659,NA,0,4,0,
EMD0585805,魔鏡，魔鏡,"Mirror, Mirror",2012/4/3,5850,5858,,3536496,14764172,NA,0,5,0,
EMD0585806,什麼鳥日子,The Bird Who Saved The World,2012/4/3,5849,5858,,94655,387321,NA,1,5,0,
EMD0585807,3D鬼機8,Dark Flight 3D,2012/4/3,5844,5858,,,,,,,,
EMD0585808,辛亥革命1911,Xin Hai Ge Ming,2012/4/6,5844,5858,,,,,,,,
EMD0585901,超級戰艦,Battleship,2012/4/11,5851,5859,,24653141,99660213,21,0,3,0,
EMD0586001,幸運符,The Lucky One,2012/4/20,5852,5860,,2468039,8247953,5,0,4,0,
EMD0586101,復仇者聯盟,The Avengers,2012/4/25,5853,5861,,48694916,237994916,27,0,3,0,Marvel
EMD0586201,美國派：高潮再起,American Pie: Reunion,2012/5/4,5854,5862,,3223001,14548225,6,0,5,0,
EMD0586202,詭屋,The Cabin In The Woods,2012/5/4,5855,5862,,1831043,5672074,NA,0,2,0,
EMD0586203,神探愛倫坡：黑鴉疑雲,The Raven,2012/5/4,5855,5862,,NA,NA,NA,0,,,
EMD0586301,愛重來,The Vow,2012/5/11,5855,5863,,1310649,5162975,2,0,4,0,
EMD0586302,黑影家族,Dark Shadow,2012/5/11,5855,5863,,9560803,36499551,15,0,4,0,
EMD0586401,3D鬼妻,Mae Nak,2012/5/18,5856,5864,,NA,NA,NA,0,,,
EMD0586402,天外封鎖線,Lockout,2012/5/18,5856,5864,,NA,NA,NA,0,1,0,
EMD0586403,金盞花大酒店,The Best Exotic Marigold Hotel,2012/5/18,5857,5864,,1585466,8387378,1.5,0,4,0,
EMD0586501,今晚誰當家,Carnage,2012/5/25,5861,5865,,284164,1042213,NA,0,4,0,
EMD0586502,MIB星際戰警III,MIB3,2012/5/25,5857,5865,,23469049,95323319,21,0,3,0,
EMD0586503,記得愛,Forget Me Not,2012/5/25,5857,5865,,147921,437611,NA,0,4,0,
EMD0586601,火線反擊,Safe,2012/6/1,5858,5866,,2399836,9103557,NA,0,1,0,
EMD0586602,公主與狩獵者,Snow White And the Huntsman,2012/6/1,5858,5866,,12856133,43791816,15,0,3,0,
EMD0586603,3D食人魚2,Piranha 3DD,2012/6/1,5855,5866,,3482270,9327180,8.5,0,2,0,
EMD0586604,冷光線索,The Cold Light Of Day,2012/6/1,5855,5866,,1175835,3091628,NA,0,1,0,
EMD0586701,普羅米修斯,Prometheus,2012/6/8,5859,5867,,12718788,50095384,20,0,3,0,
EMD0586702,伴郎我最High,A Few Best Men,2012/6/8,5863,5867,,137328,436847,NA,0,5,0,
EMD0586703,第一次,First Time,2012/6/8,5863,5867,,711903,5237547,NA,1,4,0,
EMD0586801,寶島雙雄,Double Trouble,2012/6/15,5864,5868,,NA,NA,NA,1,5,0,
EMD0586802,婚迷指數：5,The Five-Year Engagement,2012/6/15,5860,5868,,NA,NA,NA,0,,,
EMD0586803,大獨裁者落難記,The Dictator,2012/6/15,5864,5868,,4803349,24990507,3,0,5,0,
EMD0586804,寶米恰恰,Cha Cha For Twins,2012/6/15,5860,5868,,405532,2326261,1,1,4,0,
EMD0586901,勇敢傳說,Brave,2012/6/22,5861,5869,,3977632,14990495,6.5,0,4,0,
EMD0586902,3D舞力對決2?,Street Dance 2,2012/6/22,5844,5869,,,,,,,,
EMD0587001,3D舞力對決2,Street Dance 2,2012/6/29,5862,5870,,5841640,25258459,8,0,6,0,
EMD0587101,熊麻吉,Ted,2012/7/5,5867,5871,,18014855,105140106,7,0,5,3,暑假
EMD0587102,吸血鬼獵人：林肯總統,Abraham Lincoln: Vampire Hunter,2012/7/3,5862,5871,,4743397,20871761,13,0,1,3,暑假
EMD0587103,蜘蛛人：驚奇再起,The Amazing Spider-man,2012/7/3,5863,5871,,26250147,108166346,24,0,3,3,暑假
EMD0587104,名偵探柯南第16彈：第11位前鋒,Detective Conan: The Eleventh Stricker,2012/7/6,5844,5871,,,,,,,,
EMD0587201,冰原歷險記4：板塊漂移,Ice Age 4: Continental Drift,2012/7/13,5864,5872,,10274442,38962807,15,0,8,3,暑假
EMD0587202,轉生術,Painted Skin: Resurrection,2012/7/13,5844,5872,,,,,,,,
EMD0587301,黑暗騎士：黎明昇起,The Dark Knight Rises,2012/7/20,5865,5873,,31321016,168386003,22,0,1,3,暑假
EMD0587302,車手,Motorway,2012/7/20,5844,5873,,,,,,,,
EMD0587401,馬達加斯加3：歐洲大圍捕,Madagascar 3,2012/7/26,5866,5874,,8207066,35830394,17,0,8,3,暑假
EMD0587501,第七度感應,Red Lights,2012/8/3,5868,5875,,911659,2501867,4,0,3,3,暑假
EMD0587502,女朋友•男朋友,GF•BF,2012/8/3,5869,5875,,4952074,26020092,10,1,4,3,暑假
EMD0587503,攔截記憶碼,Total Recall,2012/8/3,5867,5875,,11967600,44517962,15,0,3,3,暑假
EMD0587601,舞力全開4 3D,Step Up Revolution,2012/8/10,5868,5876,,14082113,82731185,8,0,6,3,暑假
EMD0587602,神鬼認證4,The Bourne Legacy,2012/8/9,5868,5876,,9859069,38324531,17,0,1,3,暑假
EMD0587701,搖滾時代,Rock Of Ages,2012/8/17,5860,5877,,1699478,6407146,9,0,6,3,暑假
EMD0587702,犀利人妻最終回：幸福男•不難,The Fierce Wife,2012/8/17,5869,5877,,9675738,50749706,10,1,4,3,暑假
EMD0587703,BBS鄉民的正義,Silent Code,2012/8/17,5869,5877,,4147997,21802090,10,1,4,3,暑假
EMD0587704,浴血任務2,The Expendables 2,2012/8/17,5869,5877,,9169319,36065896,NA,0,1,3,暑假
EMD0587705,派拉諾曼-靈動小子,Paranorman,2012/8/17,5869,5877,,1112583,3843253,7.5,0,4,3,暑假
EMD0587706,派拉諾曼：靈動小子,Paranorman,2012/8/17,5960,5877,,,,,,,,
EMD0587801,超急快遞,Premium Rush,2012/8/23,5870,5878,,7400188,32997879,6,0,1,3,暑假
EMD0587802,野蠻告白,Savages,2012/8/24,5870,5878,,1176961,4196150,5,0,4,3,暑假
EMD0587901,貞子3D,Sadako 3D,2012/8/31,5871,5879,,1711172,4328936,8,0,2,0,
EMD0587902,騷人,Young Dudes,2012/8/31,5875,5879,,169672,775766,1.5,1,4,0,
EMD0587903,球來就打,Viva Baseball,2012/8/31,5876,5879,,1016391,3021760,6.5,1,4,0,
EMD0587904,羅馬浴場,Thermae Romae,2012/8/31,5960,5879,,,,,,,,
EMD0587905,聚魔櫃,The Possession,2012/8/31,5960,5879,,,,,,,,
EMD0588001,西門町,Westgate Tango,2012/9/7,5872,5880,,696482,1848727,6,1,4,0,
EMD0588002,巡邏驚很大,The Watch,2012/9/7,5871,5880,,2674202,7320655,4,0,5,0,
EMD0588003,聽風者,The Silent War,2012/9/7,5872,5880,,3497826,11797266,6,0,4,0,
EMD0588101,惡靈古堡V：天譴日3D,Resident Evil: Retribution,2012/9/14,5873,5881,,23191510,69958727,20,0,3,0,
EMD0588201,逆光飛翔,Touch Of The Light,2012/9/21,5874,5882,,1861507,25656012,6,1,4,0,
EMD0588202,關鍵追擊,The Expatriate,2012/9/21,5876,5882,,1354011,3842932,NA,0,1,0,
EMD0588203,盜數計時,Stolen,2012/9/21,5874,5882,,4224575,15011470,6,0,1,0,
EMD0588301,太極：從零開始,Tai Chi 1,2012/9/28,5875,5883,,2404465,8443529,NA,0,3,0,
EMD0588302,火線赤子情,End Of Watch,2012/9/28,5875,5883,,1930767,5762215,NA,0,1,0,
EMD0588303,太極1從零開始,TAI CHI 0,2012/9/28,5960,5883,,,,,,,,
EMD0588304,監屍器,Heaven and Hell,2012/9/28,5960,5883,,,,,,,,
EMD0588305,愛上羅馬,To Rome with Love,2012/9/28,5960,5883,,,,,,,,
EMD0588401,即刻救援2,Taken 2,2012/10/5,5876,5884,,18550776,74187074,12,0,3,,
EMD0588402,官賤對決,The Campaign,2012/10/5,5876,5884,,1418592,4635054,5,0,5,0,
EMD0588403,阿嬤的小學堂,Granny Goes to School,2012/10/5,5960,5884,,,,,,,,
EMD0588501,顛倒世界,Upside Down,2012/10/9,5877,5885,,3584890,16844293,NA,0,3,0,
EMD0588502,迴路殺手,Looper,2012/10/12,5881,5885,,NA,NA,NA,0,,,
EMD0588503,瘋狗綁票令,Seven Psychopaths,2012/10/12,5882,5885,,257710,2143533,NA,0,5,0,
EMD0588504,歌喉讚,Pitch Perfect,2012/10/9,5877,5885,,2404011,17452928,4,0,6,0,
EMD0588505,不老騎士：歐兜邁環台日記,Go Grandriders,2012/10/12,5960,5885,,,,,,,,
EMD0588506,壁花男孩,The Perks of Being a Wallflower,2012/10/9,5960,5885,,,,,,,,
EMD0588601,客製化女神,Ruby Sparks,2012/10/19,5878,5886,,118265,346530,0.4,0,4,0,
EMD0588602,亞果出任務,Argo,2012/10/19,5878,5886,,4516776,27368272,6,0,4,0,
EMD0588603,Always守候幸福的三丁目,Always - Sunset On Third Street 3,2012/10/19,5960,5886,,,,,,,,
EMD0588604,殺戮行動,Killing Them Softly,2012/10/19,5960,5886,,,,,,,,
EMD0588605,永不放棄,Won't Back Down,2012/10/19,5960,5886,,,,,,,,
EMD0588701,鬼入鏡4,Paranormal Activity 4,2012/10/26,5879,5887,,1213918,3666997,3,0,2,0,
EMD0588702,巨魔人,The Tall Man,2012/10/26,5884,5887,,302964,671034,NA,0,3,0,
EMD0588703,太極2：英雄崛起,Tai Chi 2,2012/10/26,5879,5887,,1772911,4982011,NA,0,3,0,
EMD0588704,衝破極限,Chasing Mavericks,2012/10/26,5879,5887,,1186385,4049808,NA,0,1,0,
EMD0588705,野蠻正義,Lawless,2012/10/26,5882,5887,,NA,NA,NA,0,,,
EMD0588706,科學怪犬,Frankenweenie,2012/10/26,5879,5887,,677900,1712058,2.5,0,8,0,
EMD0588707,賈伯斯：遺失的訪問,Steve Jobs: The Lost Interview,2012/10/26,5960,5887,,,,,,,,
EMD0588801,007：空降危機,Skyfall,2012/11/2,5880,5888,博偉,22646851,92221843,18,0,1,0,
EMD0588802,蒐屍魔前傳,The Collector,2012/11/2,5960,5888,,,,,,,,
EMD0588901,超時空戰警3D,Dredd 3D,2012/11/9,5874,5889,,NA,NA,NA,0,,,
EMD0588902,人生決勝球,Trouble With The Curve,2012/11/9,5878,5889,,886738,2545875,3,0,4,0,
EMD0588903,一路向西,Due West,2012/11/9,5883,5889,,639432,2370664,2,0,5,0,
EMD0588904,南方小羊牧場,When A Wolf Falls In Love With A Sheep,2012/11/9,5884,5889,,1323461,3184229,NA,1,4,0,
EMD0589001,寒戰,Cold War,2012/11/16,5882,5890,,6254679,31504228,12,0,1,0,
EMD0589002,安娜卡列尼娜,Anna Karenina,2012/11/16,5884,5890,,582443,3050889,1,0,4,0,
EMD0589003,暮光之城：破曉2,The Twilight Saga: Breaking Dawn - Part 2,2012/11/16,5882,5890,,20325392,75988991,17,0,3,0,
EMD0589004,沙漠神兵,Special Forces,2012/11/16,5882,5890,,169583,328415,NA,0,1,0,
EMD0589101,舞棍俱樂部,Magic Mike,2012/11/23,5888,5891,,1319241,3349775,NA,0,6,0,
EMD0589102,少年PI的奇幻漂流,Life of Pi,2012/11/23,5883,5891,,18819631,229866939,24.5,0,3,0,11/24金馬獎頒獎典禮
EMD0589201,甜•祕密,Together,2012/11/30,5885,5892,,283986,772945,NA,1,4,0,
EMD0589202,地下弒,House at the End of the Street,2012/11/30,5886,5892,,185373,471435,NA,0,2,0,
EMD0589203,球愛天空,Baseballove,2012/11/30,5887,5892,,541349,1818250,NA,1,4,0,
EMD0589204,消失的子彈,The Bullet Vanishes,2012/11/29,5884,5892,,262524,597608,NA,0,1,0,
EMD0589205,捍衛聯盟,Rise Of The Guardians,2012/11/30,5884,5892,,3027675,9590336,9,0,1,0,
EMD0589301,當家花旦,Prima Donna,2012/12/7,5889,5893,,NA,NA,NA,1,7,0,
EMD0589302,FBI重裝戒備,Alex Cross,2012/12/7,5885,5893,,1731676,4448184,NA,0,1,0,
EMD0589303,命運狗不理,Legend Of The T-Dog,2012/12/7,5888,5893,,404712,1565335,NA,1,5,0,
EMD0589401,哈比人：意外旅程,The Hobbit: The Unexpected Journey,2012/12/14,5886,5894,,12091923,53233935,21.2,0,3,0,
EMD0589402,紅潮入侵,Red Dawn,2012/12/14,5886,5894,,NA,NA,NA,0,,,
EMD0589403,好孕大作戰,What To Expect When You Are Expecting,2012/12/14,5888,5894,,499807,1167589,NA,0,5,0,
EMD0589501,沉默之丘2：啟示錄,Silent Hill: Revelation 3D,2012/12/21,5881,5895,,NA,NA,NA,0,2,0,
EMD0589502,血滴子,The Guilliotines,2012/12/21,5887,5895,,3834367,11458032,12,0,1,0,
EMD0589503,00:30凌晨密令,Zero Dark Thirty,2012/12/21,5887,5895,,NA,NA,NA,0,1,0,
EMD0589504,末日倒數怎麼伴？,Seeking a Friend for the End of the World,2012/12/21,5888,5895,,NA,NA,NA,0,,,
EMD0589601,十二生肖,Chinese Zodiac,2012/12/28,5887,5896,,2008515,9674541,5,0,1,0,元旦
EMD0589602,花漾,Ripples Of Desire,2012/12/28,5888,5896,,690256,2817271,10,2,1,0,元旦
EMD0589603,神隱任務,Jack Reacher,2012/12/27,5888,5896,,12831853,61641764,14,0,1,2,元旦
EMD0589604,無敵破壞王,Wreck-It Ralph,2012/12/28,5888,5896,,4932539,32770015,10,0,8,0,元旦
EMD0589701,性福特訓班,Hope Springs,2013/1/4,5889,5897,,NA,NA,NA,0,,,
EMD0589801,王牌大主廚,Comme un chef,2013/1/11,5890,5898,,NA,NA,NA,0,,,
EMD0589802,風雲男人幫,Gangster Squad,2013/1/11,5872,5898,,3229248,10111453,6,0,1,0,
EMD0589901,追魂7殺,Killing 7,2013/1/18,5894,5899,,140000,NA,NA,1,2,0,
EMD0589902,太陽劇團：奇幻世界,Cirque du Soleil: Worlds Away,2013/1/18,5891,5899,,258254,1122975,0.7,0,3,0,
EMD0589903,驚爆危城,Broken City,2013/1/18,5891,5899,,NA,NA,NA,0,,,
EMD0589904,變身,Machi Action,2013/1/18,5891,5899,,2768198,15824728,5,1,4,0,
EMD0589905,一代宗師,The Grandmasters,2013/1/18,5888,5899,,5018929,18366888,14.5,2,1,0,
EMD0589906,性福療程,The Sessions,2013/1/18,5891,5899,,NA,NA,NA,0,,,
EMD0589907,重擊防線,The Last Stand,2013/1/18,5891,5899,,NA,NA,NA,0,,,
EMD0590001,女巫獵人,Hansel and Gretel: Witch Hunter,2013/1/25,5892,5900,,12585291,58902284,10,0,3,0,
EMD0590002,大上海,The Last Tycoon,2013/1/25,5892,5900,,376261,1014633,1,2,1,0,
EMD0590003,性腥聞,The Paperboy,2013/1/25,5894,5900,,NA,NA,NA,0,2,,
EMD0590004,阿嬤的夢中情人,Forever Love,2013/1/25,5894,5900,,NA,NA,NA,1,4,0,
EMD0590101,浩劫奇蹟,The Impossible,2013/2/1,5893,5901,,4495548,20245319,NA,0,3,0,
EMD0590102,大尾鱸鰻,David Loman,2013/2/1,5893,5901,,11316843,122435520,10,1,5,0,
EMD0590201,終極警探：跨國救援,A Good Day To Die Hard,2013/2/8,5895,5902,,10197962,66301821,18,0,1,1,農曆春節
EMD0590202,西遊：降魔篇,Journey To The West: Conquering the Demons,2013/2/7,5895,5902,,2880271,27095383,17,0,5,1,
EMD0590203,尖叫旅社,Hotel Transylvania,2013/2/8,5885,5902,,2438418,18789412,5,0,8,1,
EMD0590204,逗陣ㄟ,Get Together,2013/2/8,5895,5902,,940561,7685673,5,1,5,1,
EMD0590205,悲慘世界,Les Mis?rables,2013/2/8,5894,5902,,5360437,79237311,13,0,6,1,
EMD0590206,志氣,Step Back To Glory,2013/2/8,5895,5902,,1055017,13013244,10,1,4,1,
EMD0590207,竊資達人,Identity Thief,2013/2/8,5894,5902,,633805,6678869,6.5,0,4,1,
EMD0590401,雲圖：穿越過去未來,Cloud Atlas,2013/2/22,5891,5904,,NA,NA,NA,0,,,
EMD0590402,機密真相,Flight,2013/2/22,5896,5904,,2688740,8357987,6,0,1,0,奧斯卡頒獎 2/25
EMD0590403,林肯,Lincoln,2013/2/22,5896,5904,,1855562,7775491,2.5,0,4,0,
EMD0590501,傑克：巨人戰記,Jack The Giant Slayer,2013/2/27,5897,5905,,7728349,33382280,11,0,3,2,228長假
EMD0590502,40惑不惑？,This Is 40,2013/2/27,5897,5905,,NA,NA,NA,0,5,,
EMD0590503,決殺令,Django Unchained,2013/2/27,5897,5905,,1629482,7686430,2,0,1,0,
EMD0590601,母侵,Mama,2013/3/8,5900,5906,,3281641,11395344,6,0,2,0,
EMD0590701,慾謀,Stoker,2013/3/15,5898,5907,,1107600,3706523,3,0,2,0,
EMD0590702,奧茲大帝,Oz The Great & Powerful,2013/3/15,5899,5907,,6459954,18065913,12,0,6,0,
EMD0590703,德州電鋸殺人狂3D,Texas Chainsaw Massacre 3D,2013/3/15,5902,5907,,1739195,4574827,NA,0,2,0,
EMD0590801,全面攻佔：倒數救援,Olympus Has Fallen,2013/3/22,5901,5908,,8149342,47042556,8.5,0,1,0,
EMD0590802,美麗魔物,Beautiful Creatures,2013/3/22,5900,5908,,1554430,4242254,8,0,3,0,
EMD0590901,特種部隊2：正面對決,G.I. Joe: Retaliation,2013/3/27,5901,5909,,20312319,80148519,18,0,1,0,
EMD0591001,明天記得愛上我,Will You Still Love Me Tomorrow?,2013/4/3,5904,5910,,1160987,5283153,4,1,5,3,清明節長假
EMD0591002,限時翻供,Snitch,2013/4/3,5906,5910,,1583853,5296989,4,0,1,3,清明節長假
EMD0591003,忠烈楊家將,Saving General Yang,2013/4/3,5902,5910,,2251484,8852457,7,0,1,3,清明節長假
EMD0591004,古魯家族,The Croods,2013/4/4,5902,5910,,3877612,16096669,12,0,8,3,清明節長假
EMD0591101,遺落戰境,Oblivion,2013/4/11,5904,5911,,16951713,54409047,21,0,3,0,
EMD0591201,同謀,Conspirators,2013/4/19,5907,5912,,242405,419674,NA,0,1,0,
EMD0591202,偷天派克,Parker,2013/4/19,5909,5912,,4187508,11783777,23,0,1,0,
EMD0591203,驚悚大師：希區考克,Hitchcock,2013/4/19,5898,5912,,226905,538326,0.1,0,2,0,明星到訪
EMD0591301,鋼鐵人3,Iron Man 3,2013/4/24,5905,5913,,50242181,NA,27,0,3,0,Marvel
EMD0591401,索命記憶,Trance,2013/4/30,5908,5914,,1606797,NA,4.5,0,1,0,
EMD0591402,名魔生死鬥,The Incredible Burt Wonderstone,2013/5/3,5902,5914,,1499656,NA,4,0,5,0,
EMD0591501,侏儸紀公園3D,Jurassic Park 3D,2013/5/10,5907,5915,,344152,854368,0.5,0,3,0,
EMD0591502,闇黑無界：星際爭霸戰,Star Trek Into Darkness,2013/5/10,5908,5915,,6310595,33857339,12,0,3,0,
EMD0591601,大亨小傳,The Great Gatsby,2013/5/17,5908,5916,,8450148,NA,12,0,4,0,
EMD0591602,屍變,Evil Dead,2013/5/17,5908,5916,,2129759,NA,2,0,2,0,
EMD0591701,聖誕玫瑰,Christmas Rose,2013/5/24,5911,5917,,1049313,NA,8,0,4,0,
EMD0591702,玩命關頭6,The Fast and the Furious 6,2013/5/23,5909,5917,,39542955,NA,19,0,1,0,
EMD0591801,醉後大丈夫3,Hangover 3,2013/5/31,5910,5918,,9006426,NA,10,0,5,0,
EMD0591802,森林戰士,Epic,2013/5/31,5910,5918,,1994595,NA,12,0,3,0,
EMD0591803,出神入化,Now You See me,2013/5/31,5910,5918,,6848685,NA,8,0,3,0,
EMD0591901,地球過後,After Earth,2013/6/5,5911,5919,,7805234,NA,21,0,3,0,
EMD0592001,超人：鋼鐵英雄,Man of Steel,2013/6/14,5912,5920,,15305987,70743046,20,0,3,0,
EMD0592002,藥命關係,Side Effects,2013/6/14,5914,5920,,1460042,NA,NA,0,1,0,
EMD0592101,末日之戰,World War Z,2013/6/20,5913,5921,,18782674,NA,18,0,3,0,
EMD0592201,怪獸大學,Monsters University,2013/6/28,5914,5922,,18970940,10100000,15,0,8,0,
EMD0592202,實習大叔,The Internship,2013/6/28,5914,5922,,3629746,NA,9,0,5,0,
EMD0592203,激愛543,Movie 43,2013/6/28,5914,5922,,223547,NA,NA,0,5,0,
EMD0592204,不二神探,Badges of Fury,2013/6/28,5914,5922,,230504,NA,NA,2,5,0,
EMD0592301,神偷奶爸2,Despicable Me 2,2013/7/3,5915,5923,,10121741,69100000,15,0,8,0,
EMD0592302,白宮末日,White House Down,2013/7/3,5915,5923,,7559301,NA,15,0,1,0,
EMD0592401,天台,Rooftop,2013/7/11,5916,5924,,1968316,NA,NA,1,6,0,
EMD0592402,環太平洋,Pacific Rim,2013/7/11,5916,5924,,26178335,NA,22,0,3,0,
EMD0592403,麻辣嬌鋒,The Heat,2013/7/12,5916,5924,,3199494,NA,10,0,5,0,
EMD0592501,獨行俠,The Lone Ranger,2013/7/19,5917,5925,,3593930,NA,15,0,1,0,
EMD0592502,小時代,Tiny Times,2013/7/19,5918,5925,,894289,NA,2.5,2,4,0,
EMD0592503,地球人壞壞,Escape From Planet Earth,2013/7/19,5923,5925,,273820,NA,NA,0,8,0,
EMD0592504,超危險特工2：狠戰,RED 2,2013/7/19,5917,5925,,5031524,NA,NA,0,1,0,
EMD0592601,金鋼狼：武士之戰,The Wolverine,2013/7/26,5918,5926,,13335887,40760000,19,0,3,0,
EMD0592602,盲探,Blind Detective,2013/7/26,5918,5926,,1820649,NA,4,0,1,0,
EMD0592701,降魔戰警,R.I.P.D.,2013/8/2,5919,5927,,7089287,NA,14,0,1,0,
EMD0592702,厲陰宅,The Conjuring,2013/8/2,5919,5927,,6835397,NA,7,0,2,0,
EMD0592703,渦輪方程式,Turbo,2013/8/2,5919,5927,,2130714,NA,12,0,8,0,
EMD0592801,極樂世界,Elysium,2013/8/7,5920,5928,,10960534,48760000,15,0,3,0,
EMD0592901,飛機總動員,Planes,2013/8/16,5921,5929,,1050000,2910000,NA,0,8,,
EMD0592902,總鋪師,Zone Pro Site,2013/8/16,5921,5929,,6338320,102480000,10,1,5,0,
EMD0592903,波西傑克森：妖魔之海,Percy Jackson and the Olympians: The Sea of Monsters,2013/8/16,5921,5929,,7921134,NA,15,0,3,0,
EMD0592904,國定殺戮日,The Purge,2013/8/16,5921,5929,,1884178,NA,2,0,1,0,
EMD0593001,特攻聯盟2,Kick-Ass 2,2013/8/23,5922,5930,,1618160,NA,8,0,1,0,
EMD0593002,藍色小精靈2,The Smurfs 2,2013/8/23,5922,5930,,4982607,NA,8,0,8,0,
EMD0593101,小時代：青木時代,Tiny Time 2.0,2013/8/30,5925,5931,,1270000,NA,NA,2,4,,
EMD0593102,復仇人獵人,Killing Season,2013/8/30,5926,5931,,860000,NA,NA,0,1,,
EMD0593103,1世代：我們的世代,ONE DIRECTION THIS IS US,2013/8/30,5923,5931,,270000,NA,NA,0,7,,
EMD0593104,天使聖物：骸骨之城,The Mortal Instrument: City Of Bones,2013/8/30,5923,5931,,5242735,NA,NA,0,3,0,
EMD0593201,不勞而禍,Pain & Gain,2013/9/6,5924,5932,,1664754,NA,4,0,5,0,
EMD0593202,拔一條河,Bridge Over The Troubled Water,2013/9/6,5924,5932,,1095809,NA,NA,1,4,0,
EMD0593203,亞當等大人2,Grown Ups 2,2013/9/6,5924,5932,,1686337,4970000,2,0,5,0,
EMD0593204,超世紀戰警：闇黑對決,Riddick,2013/9/6,5924,5932,,5852119,NA,NA,0,3,0,
EMD0593301,全家就是米家,We're The Millers,2013/9/13,5925,5933,,4485474,NA,6,0,5,0,
EMD0593401,5月天諾亞方舟,Mayday Nowhere 3D,2013/9/19,5927,5934,,3777134,NA,10,1,6,0,
EMD0593402,風起,The Wind Rises,2013/9/19,5926,5934,,5274387,NA,6,0,1,0,
EMD0593403,真愛每一天,About Time,2013/9/18,5926,5934,,2366685,NA,5,0,4,0,
EMD0593404,兩槍斃命,2 Guns,2013/9/19,5926,5934,,3980220,NA,3.5,0,1,0,
EMD0593405,決戰終點線,Rush,2013/9/18,5926,5934,,3629415,NA,NA,0,1,0,
EMD0593406,激戰：勇者不敗,Unbeatable,2013/9/18,5926,5934,,1342805,NA,4,0,1,0,
EMD0593501,賈伯斯,Jobs,2013/9/27,5929,5935,,3554459,NA,8,0,4,0,
EMD0593502,決勝機密,Paranoia,2013/9/27,5927,5935,,2079407,NA,6,0,4,0,
EMD0593503,夜刑者,Redemption,2013/9/27,5927,5935,,1550704,NA,4,0,1,0,
EMD0593601,地心引力,Gravity,2013/10/4,5928,5936,,9252188,NA,10,0,3,0,
EMD0593602,狄仁傑：神都龍王,Young Detective Dee:,2013/10/4,5928,5936,,3010696,NA,12,0,1,0,
EMD0593603,聽見下雨的聲音,Rhythm of The Rain,2013/10/4,5928,5936,,836513,NA,NA,1,4,0,
EMD0593604,私法爭鋒,Prisoners,2013/10/4,5928,5936,,2079985,NA,NA,0,1,0,
EMD0593701,世界Battle,Battle Of The Year: The Dream Team 3D,2013/10/9,5929,5937,,1645720,NA,6,0,6,0,
EMD0593702,逆轉王牌,Runner Runner,2013/10/9,5929,5937,,2406101,NA,9,0,4,0,
EMD0593801,鋼鐵墳墓,Escape Plan,2013/10/18,5931,5938,,9237831,NA,8,0,1,0,
EMD0593802,黛安娜,Diana,2013/10/18,5934,5938,,628017,NA,4,0,4,0,
EMD0593901,A片女神 深喉嚨,Lovelace,2013/10/25,5924,5939,,970000,NA,NA,0,7,,
EMD0593902,陰兒房2,Insidious Chapter 2,2013/10/25,5931,5939,,4377107,NA,6,0,2,0,
EMD0594001,雷神索爾2：黑暗世界,Thor:The Dark World,2013/10/31,5932,5940,,28555468,NA,18,0,3,0,Marvel
EMD0594101,食破天驚2,Cloudy With A Chance Of Meatballs 2,2013/11/8,5933,5941,,3170595,9103742,6,0,5,0,
EMD0594201,怒海劫,Captain Phillips,2013/11/15,5934,5942,,7304460,8930000,6,0,1,0,
EMD0594301,飢餓遊戲2：星火燎原,The Hunger Games: Catching Fire,2013/11/22,5935,5943,龍祥,18482796,NA,18,0,3,0,
EMD0594401,危機解密,The Fifth Estate,2013/11/29,5936,5944,,558520,NA,3,0,4,0,
EMD0594402,最後防線,Homefront,2013/11/29,5937,5944,,2276982,NA,2,0,1,0,
EMD0594403,魔女嘉莉,Carrie,2013/11/29,5936,5944,,2774535,NA,2,0,4,0,
EMD0594501,關鍵目擊,Parkland,2013/12/6,5938,5945,,207016,NA,NA,0,1,0,
EMD0594502,玩命法則,The Counselor,2013/12/6,5937,5945,,NA,NA,NA,0,1,,
EMD0594503,愛情無全順,Campus Confidencial,2013/12/6,5937,5945,,1986875,NA,NA,0,5,0,
EMD0594601,百萬精先生,The Delivery Man,2013/12/13,5938,5946,,1220404,NA,2,0,5,0,
EMD0594602,哈比人：荒谷惡龍,The Hobbit: The Desolation of Smaug,2013/12/13,5938,5946,,16467031,NA,21,0,3,0,
EMD0594701,殺千刀重出江湖,Machete Kills,2013/12/20,5939,5947,,232754,NA,2,0,5,0,
EMD0594702,戰爭遊戲,Ender's Game,2013/12/20,5939,5947,,4463689,NA,NA,0,1,0,
EMD0594801,浪人47,47 Ronin,2013/12/24,5940,5948,,7505471,NA,15,0,1,0,
EMD0594802,冰雪奇緣,Frozen,2013/12/27,5940,5948,,4431111,52870000,12.5,0,4,0,
EMD0594803,白日夢冒險王,The Secret Life of Walter Mitty,2013/12/24,5940,5948,,7427914,NA,17,0,5,0,
EMD0594901,鬼入鏡：詛咒,Paranormal Activity: The Marked Ones,2014/1/3,5941,5949,,910000,NA,NA,0,2,0,
EMD0594902,瞞天大佈局,American Hustle,2013/12/31,5941,5949,,2857378,NA,NA,0,4,0,
EMD0594903,風暴,Firestorm,2013/12/31,5940,5949,,3609477,NA,NA,0,4,0,
EMD0595001,與恐龍冒險 3D,Walking with Dinosaurs 3D,2014/1/10,5942,5950,,1751901,NA,NA,0,3,0,
EMD0595101,甜蜜殺機,Sweet Alibis,2014/1/17,5943,5951,,1616682,8540000,6,1,1,0,
EMD0595102,進擊的大佬,Grudge Match,2014/1/17,5943,5951,,1147047,NA,NA,0,1,0,
EMD0595103,雲端情人,Her,2014/1/17,5943,5951,,1127788,7240000,NA,0,4,0,
EMD0595201,鐵獅玉玲瓏,Lion Dancing,2014/1/24,5944,5952,,2532510,16380000,10,1,5,0,
EMD0595301,機器戰警,Robocop,2014/1/30,5945,5953,,10637382,50510000,18,0,3,1,春節
EMD0595302,泰山,Tarzan,2014/1/30,5948,5953,,799802,NA,10,0,3,1,春節
EMD0595303,金雞SSS,Gam gai SSS,2014/1/30,5952,5953,,1039054,NA,NA,0,5,0,
EMD0595304,傑克萊恩：詭影任務,Jack Ryan: Shadow Recruit,2014/1/30,5945,5953,,11510000,NA,14,0,1,1,春節
EMD0595305,大稻埕,Twa Tiu Tiann aka Time traveler,2014/1/30,5945,5953,,11106573,NA,10,1,5,1,農曆春節
EMD0595306,泰山3D,Tarzan,2014/1/30,5945,5953,,1350000,NA,NA,0,8,1,春節
EMD0595307,科學怪人：屠魔大戰,"I, Frankenstein",2014/1/30,5945,5953,,3363208,NA,NA,0,3,1,春節
EMD0595401,西遊記之大鬧天宮,The Monkey King,2014/2/7,5946,5954,,4584719,NA,20,0,5,0,
EMD0595402,紅翼行動,The Lone Survivor,2014/2/7,5943,5954,,4552191,NA,5,0,1,0,
EMD0595403,樂高玩電影,Lego The Movie,2014/2/7,5945,5954,,5129720,NA,8,0,5,0,
EMD0595501,偷書賊,The Book Thief,2014/2/14,5947,5955,,2138179,NA,0.8,0,4,0,
EMD0595502,冬季奇蹟,Winter's Tale,2014/2/14,5947,5955,,2218514,NA,7,0,4,0,
EMD0595503,無盡的愛,Endless Love,2014/2/14,5947,5955,,725350,NA,5,0,4,0,
EMD0595504,華爾街之狼,The Wolf of Wall Street,2014/2/14,5947,5955,CatchPlay,16398224,NA,9,0,4,0,
EMD0595601,藥命俱樂部,Dallas Buyers Club,2014/2/21,5955,5956,,644772,4560000,1.5,0,1,0,
EMD0595602,大夢想家,Saving Mr. Banks,2014/2/21,5948,5956,,1725628,NA,3,0,4,0,
EMD0595603,龐貝,Pompeii,2014/2/21,5948,5956,,6557706,NA,12,0,3,0,
EMD0595701,Kano,Kano,2014/2/27,5949,5957,威視,11932833,115960000,20,1,4,0,
EMD0595702,皮巴弟先生與薛曼的時光冒險,Mr. Peabody & Sherman,2014/2/27,5949,5957,,2738270,NA,10,0,3,0,
EMD0595801,三百壯士：帝國崛起,300: Rise of an Empire,2014/3/7,5950,5958,,14157407,NA,15,0,3,0,
EMD0595901,極速快感,Need For Speed,2014/3/14,5951,5959,,5446754,NA,12.5,0,1,0,
EMD0595902,大尋寶家,The Monuments Men,2014/3/14,5951,5959,,2170633,NA,6.5,0,1,0,
EMD0595903,自由之心,Twelve Years A Slave,2014/3/14,5955,5959,,1513503,NA,4.5,0,4,0,
EMD0595904,空中救援,Non Stop,2014/3/14,5951,5959,,9429980,NA,12,0,1,0,
EMD0596001,一日一生,Labor Day,2014/3/21,5943,5960,,588060,NA,5,0,7,0,
EMD0596002,吸血鬼學院,Vampire Academy,2014/3/21,5952,5960,,1347224,NA,NA,0,3,0,
EMD0596101,美國隊長：酷寒戰士,Captain America: The Winter Soldier,2014/3/27,5953,5961,,24400262,NA,22,0,3,0,Marvel
EMD0596102,惡靈嬰弒,Devil's Due,2014/3/28,5953,5961,,NA,NA,NA,0,2,0,
EMD0596201,挪亞方舟,Noah,2014/4/3,5954,5962,,7853504,NA,NA,0,3,0,
EMD0596202,里約大冒險2,Rio 2,2014/4/3,5954,5962,,3068144,10160299,11,0,8,0,
EMD0596203,白米炸彈客,The Rice Bomber,2014/4/4,5955,5962,,312874,NA,NA,1,4,0,
EMD0596301,震撼殺戮,Sabotage,2014/4/11,5956,5963,,1220000,NA,NA,0,1,0,
EMD0596302,3D豪情,3D Naked Ambition,2014/4/11,5966,5963,,410000,NA,NA,2,4,0,
EMD0596303,鬼遮眼,Oculus,2014/4/11,5966,5963,,2340000,NA,NA,0,2,0,
EMD0596304,分歧者,Divergent,2014/4/10,5955,5963,,6779613,36070000,10,0,1,0,
EMD0596401,歡迎來到布達佩斯大飯店,Grand Budapest Hotel,2014/4/18,5957,5964,,2016200,15940000,2.5,0,5,0,
EMD0596402,婦仇者聯盟,The Other Woman,2014/4/18,5956,5964,,3991010,21450000,7,0,5,0,
EMD0596403,魔幻冒險王：失落的黃金盒,The Adventurer: The Curse of the Midas Box,2014/4/18,5957,5964,,218951,NA,NA,0,3,0,
EMD0596404,鬼三驚2,3AM: Part 2,2014/4/18,5966,5964,,920000,NA,NA,0,2,0,
EMD0596501,蜘蛛人驚奇再起2：電光之戰,The Amazing Spider-man 2: Rise of Electro,2014/4/23,5954,5965,,26169173,NA,24,0,3,0,
EMD0596502,馬祖迺台灣,Mazu Procession,2014/4/25,5966,5965,,460000,NA,NA,1,7,0,
EMD0596601,超級選秀日,Draft Day,2014/5/1,5966,5966,,940000,NA,NA,0,4,0,
EMD0596602,羅馬浴場2,Thermae Romae 2,2014/5/1,5966,5966,,2870000,NA,NA,2,5,0,
EMD0596603,玩命特區,Brick Mansions,2014/5/1,5966,5966,,6880000,NA,NA,0,1,0,
EMD0596701,惡鄰纏身,Neighbors,2014/5/9,5959,5967,UIP,5950000,NA,4,0,5,0,
EMD0596702,全面進化,Transcendence,2014/5/9,5963,5967,,4410562,NA,NA,0,3,0,
EMD0596703,只要一分鐘,A Minute More,2014/5/9,5963,5967,,358209,NA,NA,1,4,0,
EMD0596801,哥吉拉,GODZILLA 3D,2014/5/16,5960,5968,,36720000,NA,20,0,3,0,
EMD0596901,X戰警：未來昔日,X-Men: Days of Future Past,2014/5/23,5961,5969,福斯,40147664,91580000,19,0,3,0,
EMD0596902,騷莎大塊呆,Cuban Fury,2014/5/23,5968,5969,,150000,NA,NA,0,6,0,
EMD0596903,姐姐我醉大,Walk of Shame,2014/5/23,5961,5969,,1170000,NA,NA,0,5,0,
EMD0596904,到不了的地方,"Anywhere, Somewhere, Nowhere",2014/5/23,5961,5969,,560000,NA,NA,1,4,0,
EMD0597001,黑魔女：沉睡魔咒,Maleficent,2014/5/30,5962,5970,博偉電影,15400000,84705579,8,0,3,2,端午節
EMD0597002,明日邊界,Edge of Tomorrow,2014/5/30,5962,5970,華納兄弟影業,23450000,NA,20,0,1,2,端午節
EMD0597101,為愛璀璨：永遠的葛麗絲,Grace of Monaco,2014/6/6,5970,5971,,1190000,NA,NA,0,4,0,
EMD0597102,全面突襲2：拳力進擊,The Raid 2: Berandal,2014/6/6,5970,5971,,460000,NA,NA,0,1,0,
EMD0597103,百萬種硬的方式,A Million Ways to Die in the West,2014/6/6,5963,5971,UIP,3994444,NA,10,0,5,0,
EMD0597104,急凍行者(上卷),Ice Man,2014/6/6,5970,5971,,580000,NA,NA,2,1,0,
EMD0597201,輝耀姬物語,The Tale of Princess Kaguya,2014/6/13,5962,5972,,330000,NA,4,0,8,0,
EMD0597202,詭影訪客,Alien Abduction,2014/6/13,5964,5972,,301924,NA,NA,0,2,0,
EMD0597203,痞子遇到愛,Peace In Love,2014/6/13,5971,5972,,730000,NA,NA,1,5,3,
EMD0597204,心靈勇者,The Railway Man,2014/6/13,5964,5972,,601749,NA,NA,0,4,0,
EMD0597301,當我們混在一起,Blended,2014/6/20,5965,5973,華納兄弟影業,3733486,NA,7,0,5,0,
EMD0597302,即刻復仇,Tokarev,2014/6/20,5967,5973,甲上,1150000,NA,NA,0,1,0,
EMD0597401,變形金剛4：絕跡重生,Transformers: Age of Extinction,2014/6/26,5966,5974,,43731421,207420000,26.5,0,3,0,
EMD0597501,這個高中沒有鬼2,Make Me Shudder 2,2014/7/4,5974,5975,,1330000,NA,NA,0,5,3,
EMD0597502,馴龍高手2,How to Train Your Dragon 2,2014/7/4,5967,5975,,13119622,49040000,12,0,8,3,
EMD0597503,浮世傷痕,The Immigrant,2014/7/4,5974,5975,CatchPlay,460000,NA,NA,0,4,3,
EMD0597601,行動代號孫中山,Meeting Dr. Sun,2014/7/11,5968,5976,,1548872,NA,NA,1,4,3,
EMD0597602,名偵探柯南：異次元的狙擊手,The Sniper from Another Dimension,2014/7/11,5975,5976,,5640000,NA,NA,2,8,3,
EMD0597603,舞力假期,Walking On Sunshine,2014/7/11,5968,5976,,2114038,NA,NA,0,6,3,
EMD0597701,龍虎少年隊：童顏巨捕,22 Jump Street,2014/7/18,5975,5977,博偉,1616932,NA,2,0,5,3,
EMD0597702,猩球崛起：黎明的進擊,Dawn of the Planet of the Apes,2014/7/16,5969,5977,福斯,17501823,NA,16,0,3,3,
EMD0597801,海克力士,Hercules: The Thracian Wars,2014/7/25,5970,5978,UIP,8663548,NA,14,0,3,3,
EMD0597802,盂蘭神功,The Ghost Rituals,2014/7/25,5978,5978,華映,2240000,NA,NA,2,2,0,
EMD0597803,7500鬼航班,7500,2014/7/25,5970,5978,華納,1064425,NA,NA,0,2,3,
EMD0597901,星際異攻隊,Guardians of the Galaxy,2014/7/31,5971,5979,博偉,11067920,43953273,18,0,3,3,Marvel
EMD0597902,閨蜜,Girl Friends,2014/8/1,5971,5979,福斯,3953219,38800000,12,2,4,3,
EMD0597903,舞力全開 5 3D,Step Up 5,2014/8/1,5971,5979,威視,16433552,NA,12,0,6,3,
EMD0598001,忍者龜：變種世代,Teenage Mutant Ninja Turtles,2014/8/8,5972,5980,UIP,14990000,52910000,21.5,0,4,3,父親節
EMD0598002,直闖暴風圈,Into The Storm,2014/8/8,5972,5980,華納,7920000,NA,10,0,3,3,父親節
EMD0598101,飛機總動員：打火英雄,Planes Fire and Rescue,2014/8/15,5973,5981,博偉,925622,NA,0.5,0,8,3,
EMD0598102,惡魔刑事錄,Deliver Us From Evil,2014/8/15,5973,5981,博偉,2436780,NA,6,0,2,3,
EMD0598103,等一個人咖啡,Caf?•Waiting•Love,2014/8/15,5973,5981,威視,10878019,75740000,15,1,4,3,
EMD0598104,浴血任務3,The Expendables 3,2014/8/15,5973,5981,CatchPlay,7279128,NA,NA,0,1,3,
EMD0598201,露西,Lucy,2014/8/22,5974,5982,UIP,34480572,NA,18,0,3,3,
EMD0598202,大宅們,My Geeky Nerdy Buddies,2014/8/22,5974,5982,華納,3339887,NA,8,2,4,3,
EMD0598203,生命中的美好缺憾,The Fault In Our Stars,2014/8/22,5974,5982,福斯,2282355,15140000,8.5,0,4,3,
EMD0598301,記憶傳承人：極樂謊言,The Giver,2014/8/29,5982,5983,采昌,4420000,NA,,0,3,0,
EMD0598302,萬惡城市：紅顏奪命,Sin City: A Dame to Kill For,2014/8/29,5975,5983,博偉,1422871,NA,6,0,1,3,
EMD0598401,愛愛上雲端,Sex Tape,2014/9/5,5976,5984,博偉,2834982,NA,3.5,0,5,0,中秋3天連假
EMD0598402,忐忑,"As Above, So Below",2014/9/5,5976,5984,UIP,2010474,NA,3,0,4,0,中秋3天連假
EMD0598403,軍中樂園,Paradise In Service,2014/9/5,5976,5984,華納,5067857,NA,NA,1,4,0,中秋3天連假
EMD0598501,怪怪箱,The Boxtrolls,2014/9/12,5977,5985,UIP,658423,NA,6,0,8,0,
EMD0598502,渴望,The World of Kanako,2014/9/12,5984,5985,傳影互動,1430000,NA,,2,2,0,
EMD0598503,人生大逆轉,Are You Here,2014/9/12,5977,5985,龍祥,180000,NA,NA,0,4,0,
EMD0598504,移動迷宮,The Maze Runner,2014/9/12,5978,5985,福斯,19219739,NA,10,0,3,0,
EMD0598601,五星主廚快餐車,Chef,2014/9/19,5978,5986,博偉,2788767,14420000,3.5,0,5,0,
EMD0598602,別相信任何人,Before I go to Sleep,2014/9/19,5983,5986,華聯國際/樂到家,4655996,NA,,0,1,0,
EMD0598603,國定殺戮日：無法無天,The Purge 2,2014/9/19,5978,5986,UIP,1594881,NA,2,0,1,0,
EMD0598604,愛在頭七天,This Is Where I Leave You,2014/9/19,5978,5986,華納,1040844,NA,5,0,4,0,
EMD0598701,激樂人心,Get On Up,2014/9/26,5979,5987,UIP,NA,NA,,0,7,0,
EMD0598702,戀夏小情歌,God Help the Girl,2014/9/26,5987,5987,原子映象,240000,,,0,4,0,
EMD0598703,共犯,Partners In Crime,2014/9/26,5979,5987,美商華納兄弟,1566997,NA,8,1,2,0,
EMD0598801,痞子英雄：黎明再起,Black & White: The Dawn of Justice,2014/10/3,5980,5988,華聯國際/福斯,4197316,NA,,1,1,0,
EMD0598802,扭轉命運的樂章,The Good Lie,2014/10/3,5981,5988,龍祥,330000,,,0,1,0,
EMD0598803,安娜貝爾,Annabelle,2014/10/3,5980,5988,華納,11199857,NA,7,0,2,0,
EMD0598804,狼人鎮,Wolves,2014/10/3,5987,5988,甲上,1160000,,,0,3,0,
EMD0598901,回憶中的瑪妮,When Marnie Was There,2014/10/9,5982,5989,博偉,559381,,,2,8,2,國慶日3天連假
EMD0598902,我的鋼鐵老爸,The Finishers,2014/10/9,5988,5989,CatchPlay,940000,,,0,4,2,
EMD0598903,德古拉：永咒傳奇,Dracula,2014/10/9,5981,5989,UIP,11243772,,,0,3,2,國慶日3天連假
EMD0598904,控制,Gone Girl,2014/10/9,5981,5989,福斯,6242447,79490000,,0,1,2,國慶日3天連假
EMD0598905,如果我留下,If I Stay,2014/10/9,5981,5989,華納,NA,NA,,0,4,2,國慶日3天連假
EMD0599001,鐵血神探,A Walk Among the Tombstones  ,2014/10/16,5988,5990,牽猴子,2119765,,,0,1,0,
EMD0599002,大法官,The Judge,2014/10/16,5982,5990,華納,6150764,,,0,4,0,
EMD0599003,想飛,Dream Flight,2014/10/16,5982,5990,福斯,1886512,NA,,1,4,0,
EMD0599004,活路：妒忌私家偵探社,Live@Love,2014/10/16,5982,5990,威視,403035,NA,,1,4,0,
EMD0599101,有你，生命最完整,The Best of Me,2014/10/24,5990,5991,龍祥,NA,,,0,5,0,
EMD0599102,餘生—賽德克·巴萊,Pusu Qhuni,2014/10/24,5991,5991,威視,NA,,,,,,
EMD0599103,碟仙,Ouija,2014/10/24,5983,5991,UIP,3100907,,,0,2,0,
EMD0599104,美味不設限,Hundred-Foot Journey,2014/10/24,5983,5991,博偉,1205928,,,0,2,0,
EMD0599105,私刑教育,The Equalizer,2014/10/24,5983,5991,博偉,3387409,,,0,1,0,
EMD0599106,寒蟬效應,Sex Appeal,2014/10/24,5983,5991,華聯國際,1144228,,,1,4,0,
EMD0599201,一個人的武林,Kung Fu Jungle,2014/10/31,5984,5992,華映,2095537,,,2,1,0,
EMD0599202,捍衛任務,John Wick,2014/10/31,5986,5992,威視,5754392,,,0,1,0,
EMD0599203,告密者,Kill The Messenger,2014/10/31,5984,5992,華聯國際/樂到家,367392,,,0,2,0,
EMD0599204,魔角,Horns,2014/10/31,5991,5992,CatchPlay,NA,,,,,,
EMD0599205,打噴嚏,A Choo,2014/10/31,5984,5992,威視,NA,,,1,4,0,九把刀系列
EMD0599301,逆轉勝,Second Chance,2014/11/7,5985,5993,博偉,1878089,,,1,4,0,
EMD0599302,母難日,Jessabella,2014/11/7,5992,5993,龍祥,1080000,,,0,2,0,
EMD0599303,鬼地方,My House,2014/11/7,5993,5993,海樂,380000,,,,2,,
EMD0599304,星際效應,Interstellar,2014/11/7,5985,5993,華納,16784443,131220000,,0,3,0,
EMD0599305,失控,Locke,2014/11/7,5993,5993,CatchPlay,160000,,,,,,
EMD0599306,車拚,It Takes Two to Tangle,2014/11/8,5992,5993,萬仁,280000,,,,,,
EMD0599401,亞歷山大衰到家,"Alexander and the Terrible, Horrible, No Good, Very Bad Day",2014/11/14,5986,5994,博偉,873782,2220000,,0,5,0,
EMD0599402,獨家腥聞,Nightcrawler,2014/11/14,5986,5994,威視,886798,,,0,1,0,
EMD0599403,年少時代,Boyhood,2014/11/14,5993,5994,UIP,290000,1710000,,0,4,5,
EMD0599404,怒火特攻隊,Fury,2014/11/14,5986,5994,華聯國際/樂到家,5553653,,,0,1,0,
EMD0599405,冒牌條子,Let's Be Cops,2014/11/14,5984,5994,福斯,1756342,5800000,,0,5,0,
EMD0599501,飢餓遊戲：自由幻夢 1,The Hunger Games: Mockingjay - Part 1,2014/11/21,5987,5995,龍祥,18773678,,,0,3,0,
EMD0599502,殭屍哪有這麼正,Life After Beth,2014/11/21,5994,5995,海樂,150000,,,0,5,0,
EMD0599503,錢藏凶機,The Drop,2014/11/21,5987,5995,福斯,231658,,,0,1,0,
EMD0599601,特務交鋒,November Man,2014/11/28,5988,5996,博偉,1674669,,,0,1,0,
EMD0599602,老闆不是人2,Horrible Bosses 2,2014/11/28,5988,5996,華納,2766064,,,0,5,0,
EMD0599603,黃飛鴻之英雄有夢,Rise of the Legend,2014/11/27,5988,5996,華映,3961974,,,2,1,0,彭于晏
EMD0599701,愛的萬物論,Theory of Everything,2014/12/5,5989,5997,UIP,1970000,,,0,4,0,
EMD0599702,錄到鬼4：末世錄,Rec 4,2014/12/5,5996,5997,海樂,780000,1640000,,0,2,0,
EMD0599703,太平輪：亂世浮生,The Crossing,2014/12/5,5989,5997,威視,7440000,,,2,4,0,
EMD0599704,紅魔房,Demonic,2014/12/5,5989,5997,CatchPlay,NA,,,0,2,0,溫子仁
EMD0599801,出埃及記：天地王者,Exodus: Gods and Kings,2014/12/12,5990,5998,福斯,15210000,,,0,1,0,
EMD0599802,阿呆與阿瓜：賤招拆招,Dumb and Dumber Too,2014/12/12,5997,5998,華聯國際/樂到家,NA,,,0,5,0,
EMD0599901,哈比人：五軍之戰,The Hobbit: The Battle of the Five Armies,2014/12/17,5991,5999,華納,22170000,,,0,3,0,
EMD0599902,極光之愛,Endless Nights In Aurora,2014/12/19,5991,5999,甲上,2170000,,,1,4,0,
EMD0599903,真愛繞圈圈,"Love, Rosie",2014/12/19,5991,5999,龍祥,1890000,,,0,4,0,
EMD0599904,寄生獸,Parasyte Part 1,2014/12/19,5991,5999,傳影互動,1810000,,,2,3,0,
EMD0600001,博物館驚魂夜3,Night at the Musuem: Secret of The Tomb,2014/12/24,5992,6000,福斯,13820000,,,0,5,2,聖誕節
EMD0600002,時尚天王,Fashion King,2014/12/26,5999,6000,威視,,160000,,2,4,0,
EMD0600003,曼哈頓戀習曲,Begin Again,2014/12/24,5999,6000,牽猴子,1670000,9960000,,0,4,0,
EMD0600101,大英雄天團,Big Hero 6,2014/12/31,5993,6001,博偉,1930000,,,0,8,2,跨年、Marvel
EMD0600102,大眼睛,Big Eyes,2014/12/31,5995,6001,CatchPlay,1210000,,,0,4,2,跨年
EMD0600103,第七傳人,The Seventh Son,2014/12/31,5993,6001,UIP,6120000,,,0,3,2,跨年
EMD0600104,瞞天殺機,Serena,2014/12/31,5993,6001,甲上,2580000,,,0,1,2,跨年
EMD0600201,即刻救援3,Taken 3,2015/1/9,5994,6002,福斯,23680000,,,0,1,0,
EMD0600202,一代宗師3D,The Grandmasters,2015/1/9,6001,6002,華納,350000,,,2,1,0,
EMD0600203,彎道鬼情人,The Eyes Diary,2015/1/9,6003,6002,龍祥,180000,,,2,3,0,
EMD0600301,黑帽駭客,Blackhat,2015/1/16,5995,6003,UIP,3610000,,,0,1,0,
EMD0600302,美國狙擊手,American Sniper,2015/1/15,5995,6003,華納,11550000,,,0,1,0,
EMD0600303,鳥人,Birdman,2015/1/16,5995,6003,福斯,4140000,,,0,4,0,
EMD0600401,推拿,Blind Massage,2015/1/23,6003,6004,前景,450000,,,2,4,0,
EMD0600402,神鬼大盜,Mortdecai,2015/1/23,5996,6004,龍祥,3060000,,,0,1,0,
EMD0600403,永不屈服,Unbroken,2015/1/23,5996,6004,UIP,1930000,,,0,4,0,
EMD0600404,重返20歲,Miss granny,2015/1/23,5996,6004,CatchPlay,2380000,,,1,4,0,
EMD0600501,海綿寶寶：海陸大出擊,The SpongeBob Movie: Sponge Out of the Water,2015/1/30,5997,6005,UIP,4450000,,,0,8,0,
EMD0600502,江戶川柯南失蹤事件：史上最糟糕的兩天,Detective Conan: Missing Conan Edogawa Case - His History's Worst Two Days,2015/1/30,6004,6005,向洋影業,1910000,,,2,8,0,
EMD0600503,驚字塔,The Pyramid,2015/1/30,5997,6005,福斯,3760000,,,0,2,0,
EMD0600504,那時候，我只剩下勇敢,Wild,2015/1/30,6004,6005,福斯,1210000,,,0,4,0,
EMD0600505,撒嬌女人最好命,Women Who Flirt,2015/1/30,6004,6005,華聯國際,370000,,,2,5,0,
EMD0600601,跨界失控,Project Almanac,2015/2/6,5998,6006,UIP,2870000,,,0,3,0,
EMD0600602,朱比特崛起,Jupiter Ascending,2015/2/4,5998,6006,華納,8110000,,,0,3,0,
EMD0600603,柏靈頓：熊愛趴趴走,Paddington,2015/2/6,5998,6006,龍祥,1010000,,,0,8,0,
EMD0600604,啟動機械碼,Vice,2015/2/6,5999,6006,威視,1500000,,,0,1,0,
EMD0600605,我想念我自己,Still Alice,2015/2/6,6008,6006,CatchPlay,1660000,,,0,4,0,
EMD0600701,奇人密碼：古羅布之謎,Arti: The Adventure Begins,2015/2/11,5999,6007,華納,2020000,,,0,8,0,
EMD0600702,馬達加斯加爆走企鵝,The Penguins of Madagascar,2015/2/13,5999,6007,福斯,5560000,,,0,8,0,
EMD0600703,格雷的五十道陰影,Fifty Shades of Grey,2015/2/13,5999,6007,UIP,19120000,,,0,4,0,
EMD0600801,魔法黑森林,Into The Woods,2015/2/18,6000,6008,博偉,7180000,,,0,3,1,Disney
EMD0600802,鐵獅玉玲瓏2,Lion Dancing 2,2015/2/18,6000,6008,派拉蒙影業,3000000,,,1,5,1,
EMD0600803,金牌特務,Kingsman: The Secret Service,2015/2/18,6000,6008,福斯,17939017,131311822,,0,1,1,
EMD0600804,大囍臨門,The Wonderful Wedding,2015/2/18,6000,6008,華聯國際,18640000,,,1,5,0,豬哥亮
EMD0600805,天將雄師,Dragon Blade,2015/2/18,6000,6008,龍祥,2420000,,,2,1,0,
EMD0600806,性本惡,Inherent Vice,2015/2/19,6000,6008,華納,NA,,,0,4,0,
EMD0600901,隔壁的男孩殺過來,The Boy Next Door,2015/2/26,6001,6009,UIP,980000,,,0,2,2,228假期
EMD0600902,模仿遊戲,The Imitation Game,2015/2/26,5995,6009,甲上,10990000,,,0,1,2,班奈狄克康柏拜區
EMD0600903,決勝焦點,Focus,2015/2/26,6001,6009,華納,6700000,,,0,4,2,威爾史密斯 228假期
EMD0600904,賭城風雲 II,From Vegas to Macau II,2015/2/26,6006,6009,威視,180000,,,2,1,1,
EMD0601001,成人世界,Chappie,2015/3/6,6002,6010,博偉,9800000,,,0,3,0,
EMD0601002,暗黑冠軍路,Foxcatcher,2015/3/6,6003,6010,龍祥,360000,,,0,4,0,
EMD0601003,鍾馗伏魔：雪妖魔靈,Zhong Kui: Snow Girl and the Dark Crystal,2015/3/6,6002,6010,華納,NA,,,2,2,0,
EMD0601004,凸槌三人行,Unfinished Business,2015/3/6,6002,6010,福斯,NA,,,0,5,0,
EMD0601005,拳力突襲,Wild Card,2015/3/6,6002,6010,CatchPlay,440000,,,0,1,0,傑森史塔森
EMD0601101,仙履奇緣,Cinderella,2015/3/13,6003,6011,博偉,6900000,,,0,8,0,Disney
EMD0601102,一夜狂奔,Run All Night,2015/3/12,6004,6011,華納,6760000,,,0,1,0,
EMD0601103,白鯨傳奇：怒海之心,In The Heart of the Sea,2015/12/3,6003,6049,華納,NA,,,0,3,0,
EMD0601104,靈病,It Follows,2015/3/13,6009,6011,華文創,220000,,,0,2,0,
EMD0601105,加班遇到鬼,O.T.,2015/3/13,6009,6011,海樂,450000,,,2,2,0,
EMD0601201,分歧者2：叛亂者,Divergent Series:Insurgent,2015/3/20,6004,6012,龍祥,14460000,,,0,3,0,
EMD0601202,失孤,Lost and Lonely,2015/3/20,6004,6012,華聯國際,NA,,,2,4,0,
EMD0601203,金盞花大酒店2,The Second Best Exotic Marigold Hotel,2015/3/20,6008,6012,福斯,1520000,,,0,4,0,
EMD0601204,全面逃殺,The Gunman,2015/3/20,6010,6012,CatchPlay,1280000,,,0,1,0,
EMD0601205,12金鴨,12 Golden Ducks,2015/3/20,6011,6012,甲上,260000,,,2,5,0,
EMD0601206,甜心殺手,Miss Meadows,2015/3/20,6012,6012,威視,71494,,,0,1,0,
EMD0601301,伴郎友沒友,The wedding Ringer,2015/3/27,6005,6013,博偉,NA,,,0,5,0,
EMD0601302,好家在一起,Home,2015/3/27,6005,6013,福斯,2450000,,,0,8,0,
EMD0601303,顫慄黑影：死亡天使,The Woman in Black 2: Angel of Death,2015/3/27,6010,6013,博偉,250000,,,0,2,0,
EMD0601401,玩命關頭7,Furious 7,2015/4/1,6006,6014,UIP,71490000,,,0,1,0,
EMD0601402,百老匯熟男日記,The Humbling,2015/4/2,6013,6014,CatchPlay,170000,,,0,4,0,
EMD0601501,愛情沒有終點,The Longest Ride,2015/4/10,6007,6015,福斯,,,,0,4,0,
EMD0601502,永夜魔女,Lazarus Effect,2015/4/10,6009,6015,威視,,,,0,2,0,
EMD0601503,念念,Murmur Of The Hearts,2015/4/10,6014,6015,甲上,,,,1,4,0,
EMD0601601,青春倒退嚕,While We're Young,2015/4/17,6010,6016,CatchPlay,,,,0,5,0,
EMD0601602,第四公民,Citizenfour,2015/4/17,6015,6016,海鵬影業,,,,0,7,0,
EMD0601603,紐約安可曲,Song One,2015/4/17,6015,6016,龍祥,,,,0,4,0,
EMD0601701,復仇者聯盟2：奧創紀元,Avengers: Age of Ultron,2015/4/22,6009,6017,博偉,,,,0,3,0,Marvel
EMD0601702,沙西米,Sashimi,2015/4/24,6009,6017,華聯國際,,,,1,4,0,
EMD0601801,五月一號,First of May,2015/5/1,6010,6018,甲上,,,,1,4,2,
EMD0601802,弒訊,Unfriended,2015/5/1,6010,6018,UIP,,,,0,2,2,
EMD0601803,伊斯坦堡救援,The Water Diviner,2015/5/1,6015,6018,龍祥,,,,0,1,2,
EMD0601804,深夜食堂 電影版,Midnight Diner,2015/4/30,6017,6018,天馬行空,,,,2,4,2,
EMD0601901,總統遊戲,Big Game,2015/5/8,6011,6019,CatchPlay,,,,0,1,0,
EMD0601902,辣味雙拼,Hot Pursuit,2015/5/8,6012,6019,華納,,,,0,5,0,
EMD0601903,時空永恆的愛戀,The Age of Adaline,2015/5/8,6018,6019,威視,,,,0,4,0,
EMD0601904,滿月酒,Baby Steps,2015/5/8,6018,6019,華聯國際,,,,1,4,0,
EMD0601905,寄生獸：完結篇,Parasyte Part 2,2015/5/8,6020,6019,傳影互動,,,,2,2,0,
EMD0602001,瘋狂麥斯：憤怒道,Mad Max: Fury Road,2015/5/15,6012,6020,華納,,,,0,1,0,
EMD0602002,歌喉讚2,Pitch Perfect 2,2015/5/15,6012,6020,UIP,,,,0,6,0,
EMD0602003,缺角一族,The Missing Piece,2015/5/15,6019,6020,華聯國際,,,,1,4,0,
EMD0602004,要聽神明的話,As the Gods Will,2015/5/15,6020,6020,甲上,,,,2,2,0,
EMD0602101,明日世界,Tomorrowland,2015/5/22,6013,6021,博偉,,,,0,3,0,
EMD0602102,麻辣賤諜,Spy,2015/5/22,6013,6021,福斯,,,,0,5,0,
EMD0602201,加州大地震,San Andrea,2015/5/29,6014,6022,華納,,,,0,1,0,
EMD0602202,叫魂,Demonic,2015/5/29,6015,6022,CatchPlay,,,,0,2,0,
EMD0602203,我的殭屍女兒,Maggie,2015/5/29,6017,6022,龍祥,,,,0,1,0,
EMD0602204,美人情園,A Little Chaos,2015/5/29,6021,6022,威視,,,,0,4,0,
EMD0602301,陰兒房第三章：從靈開始,Insidious Chapter 3,2015/6/5,6015,6023,博偉,,,,0,2,0,
EMD0602302,最後那五年,The Last 5 Years,2015/6/5,6022,6023,甲上,,,,0,4,0,
EMD0602303,命運鞋奏曲,The Cobbler,2015/6/5,6023,6023,東方華藝,,,,0,4,0,
EMD0602401,侏羅紀世界,Jurassic World,2015/6/11,6016,6024,UIP,,,,0,3,0,
EMD0602502,失控獵殺：第44個孩子,Child 44,2015/6/18,6017,6025,龍祥,,,,0,1,0,
EMD0602503,2015大明星小跟班,Entourage,2015/6/18,6017,6025,華納,,,,0,5,0,
EMD0602504,暗處,Dark Places,2015/6/18,6024,6025,威視,,,,0,2,0,
EMD0602601,熊麻吉2,Ted 2,2015/6/25,6018,6026,UIP,,,,0,5,3,
EMD0602701,舞力麥克：尺度極限XXL,Magic Mike XXL,2015/7/1,6019,6027,華納,,,,0,6,3,《舞棍俱樂部》續集
EMD0602702,魔鬼終結者：創世契機,Terminator: Genesis,2015/7/2,6019,6027,派拉蒙,,,,0,3,3,
EMD0602703,名偵探柯南：業火的向日葵,Detective Conan: Sunflowers of Inferno ,2015/7/2,6026,6027,普威爾,,,,2,8,3,
EMD0602801,小小兵,The Minions,2015/7/9,6020,6028,UIP,,,,0,8,3,
EMD0602802,絞刑台,The Gallows,2015/7/9,6020,6028,華納,,,,0,2,3,
EMD0602803,角頭,Gatao,2015/7/9,6020,6028,二十世紀福斯,,,,1,4,3,
EMD0602901,蟻人,Ant Man,2015/7/16,6021,6029,博偉,26589300,127948225,,0,4,3,Marvel
EMD0602902,飛越情海,Aloha,2015/7/17,6017,6029,,,,,0,4,3,
EMD0603001,鬼哭神嚎：惡靈15,Poltergeist (2015),2015/7/24,6022,6030,福斯,,,,0,2,3,
EMD0603002,風中家族,Where the Wind Settles,2015/7/24,6030,6030,威視,,,,1,4,3,
EMD0603003,恐龍尤物,The DUFF,2015/7/24,6030,6030,甲上,,,,0,4,3,
EMD0603102,不可能的任務：失控國度,Mission: Impossible - Rogue Nation,2015/7/30,6023,6031,UIP,34279997,148367543,,0,1,3,
EMD0603201,腦筋急轉彎,Inside Out,2015/8/7,6024,6032,博偉,,,,0,8,3,Pixar
EMD0603202,驚奇四超人2015,Fantastic Four (2015),2015/8/7,6024,6032,福斯,,,,0,3,3,
EMD0603203,破風,To The Force,2015/8/7,6024,6032,華映,,,,1,4,3,
EMD0603204,OPEN! OPEN!,OPEN! OPEN!,2015/8/7,6030,6032,威視,,,,1,4,3,
EMD0603301,紳士密令,The Man From U.N.C.L.E.,2015/8/13,6025,6033,華納,,,,0,1,3,
EMD0603302,太平輪：驚濤摯愛,The Crossing II,2015/8/14,6025,6033,威視,,,,1,4,3,
EMD0603303,進擊的巨人 I,Attack On Titan I,2015/8/14,6025,6033,龍祥,,,,2,3,3,
EMD0603304,我的少女時代,Our Times,2015/8/14,6031,6033,華聯,,,,1,4,3,
EMD0603401,世界大對戰,Pixels,2015/8/20,6026,6034,博偉,,,,0,5,3,
EMD0603402,青田街一號,The Laundryman,2015/8/20,6026,6034,華納,,,,1,4,3,
EMD0603403,刺客任務：殺手47,Hitman: Agent 47,2015/8/20,6026,6034,福斯,,,,0,1,3,
EMD0603501,紙上城市,Paper Towns,2015/8/28,6027,6035,福斯,,,,0,4,3,
EMD0603502,刺客聶隱娘,The Assassin,2015/8/28,6027,6035,中影、牽猴子,,,,1,4,3,
EMD0603503,凶兆2：雙瘋,Sinister 2,2015/8/28,6032,6035,CatchPlay,,,,0,2,1,
EMD0603601,全家玩到趴,Vacation,2015/9/4,6023,6036,華納,,,,0,5,0,
EMD0603602,HERO電影版2,Hero 2015,2015/9/4,6028,6036,威視,,,,2,4,0,
EMD0603603,廢柴特務,American Ultra,2015/9/25,6029,6039,博偉,,,,0,5,0,
EMD0603604,玩命快遞：肆意橫行,The Transporter Refueled,2015/9/2,6031,6036,Europa Corp,,,,0,1,0,
EMD0603701,移動迷宮：焦土試煉,Maze Runner: The Scorch Trials,2015/9/9,6029,6037,福斯,,,,0,3,0,
EMD0603702,來得及說再見,Ways Into Love,2015/9/11,6031,6037,博偉,,,,1,7,0,
EMD0603801,換命法則,Self/Less,2015/9/4,6030,6036,博偉,,,,0,3,0,
EMD0603802,進擊的巨人 II,Attack On Titan II,2015/9/18,6030,6038,龍祥,,,,2,3,0,
EMD0603803,震撼擂台,Southpaw,2015/9/18,6030,6038,CatchPlay,,,,0,4,0,
EMD0603901,聖母峰,Everest,2015/9/18,6031,6038,UIP,,,,0,1,0,
EMD0603902,遠離塵囂：珍愛相隨,Far From The Madding Crowd,2015/9/25,6031,6039,傳影互動,,,,0,4,0,
EMD0603903,高年級實習生,The Intern,2015/9/25,6031,6039,華納,,,,0,4,0,
EMD0603904,尖叫旅社2,Hotel Transylvania 2,2015/9/25,6031,6039,博偉,,,,0,8,0,
EMD0604001,絕地救援,The Martian,2015/10/1,6031,6040,福斯,,,,0,3,0,
EMD0604002,探訪,The Visit,2015/10/2,6035,6040,UIP,,,,0,2,0,
EMD0604101,走鋼索的人,The Walk,2015/10/8,6032,6041,博偉,,,,0,7,2,
EMD0604102,潘恩：航向夢幻島,Pan,2015/10/8,6032,6041,華納,,,,0,3,2,
EMD0604103,聖杯騎士,Knight of Cups,2015/10/8,6040,6041,,,,,,,2,
EMD0604104,幸福再敲門,Fathers and Daughters,2015/10/8,6040,6041,龍祥,,,,,,2,
EMD0604201,腥紅山莊,Crimson Peak,2015/10/16,6033,6042,UIP,,,,0,2,0,
EMD0604202,間諜橋,Bridge of Spies,2015/10/16,6033,6042,福斯,,,,0,1,0,
EMD0604203,灣生回家,Wansei Back Home,2015/10/16,6041,6042,牽猴子,,,,1,7,0,
EMD0604204,食人煉獄,The Green Inferno,2015/10/16,6042,6042,CatchPlay,,,,0,2,0,
EMD0604301,小王子,The Little Prince,2015/10/23,6034,6043,二十世紀福斯,,,,0,4,0,
EMD0604302,黑勢力,Black Mass,2015/10/23,6034,6043,華納,,,,0,1,0,
EMD0604303,獵巫行動：大滅絕,The Last Witch Hunter,2015/10/23,6034,6043,威視,,,,0,1,1,
EMD0604401,殭屍教戰守則,Scouts Guide to the Zombie Apocalypse,2015/11/13,6035,6046,UIP,,,,0,5,0,
EMD0604402,我們全家不太熟,We Are Family,2015/12/31,6035,6053,華納兄弟,,,,1,5,0,
EMD0604403,怒火邊界,Sicario,2015/10/30,6035,6044,龍祥,,,,0,1,0,
EMD0604404,衝出康普頓,Straight Outta Compton,2015/10/30,6038,6044,環球影業,,,,0,7,0,
EMD0604405,天菜大廚,Burnt,2015/10/30,6043,6044,CatchPlay,,,,0,5,0,
EMD0604406,有任務的旅行,"One Journey, One Mission",2015/10/30,6043,6044,華聯,,,,1,7,0,
EMD0604501,007：惡魔四伏,Bond 24: Spectre,2015/11/5,6037,6045,博偉,,,,0,1,0,
EMD0604502,菜鳥,Maverick,2015/11/13,6045,6046,醉夢俠,,,,1,4,0,
EMD0604601,關鍵救援：巴士657,Bus 657,2015/11/13,6045,6046,華映,,,,,,,
EMD0604701,飢餓遊戲：自由幻夢 終結戰,The Hunger Games: Mockingjay - Part 2,2015/11/20,6039,6047,龍祥,,,,0,3,0,
EMD0604801,危機女王,Our Brand Is Crisis,2015/11/27,6040,6048,華納,,,,0,4,0,
EMD0604802,怪物,Victor frankenstein,2015/11/27,6040,6048,二十世紀福斯,,,,0,3,0,
EMD0604803,紅衣小女孩,The Tag-Along,2015/11/27,6047,6048,威視,,,,1,2,0,
EMD0604901,聖誕妖怪：坎卜斯,Krampus,2015/12/4,6041,6049,UIP,,,,0,2,0,
EMD0604902,即刻殺機,Momentum[2015],2015/12/4,6047,6049,,,,,,,,
EMD0605001,33：重生奇蹟,The 33,2015/12/11,6046,6050,采昌國際多媒體,,,,0,4,0,
EMD0605101,Star Wars：原力覺醒,Star Wars: The Force Awakens,2015/12/17,6042,6051,博偉,,,,0,3,0,
EMD0605102,尋龍訣,Mojin - The Lost Legend,2015/12/18,6043,6051,威視,,,,2,2,0,
EMD0605201,史努比,The Peanuts Movie,2015/12/24,6044,6052,,,,,0,8,0,
EMD0605202,飆風特攻,Point Break,2015/12/11,6044,6050,,,,,,,,
EMD0605203,真相急先鋒,Truth,2015/12/24,6047,6052,,,,,,,,
EMD0605301,家有兩個爸,Daddy's Home,2015/12/31,6045,6053,,,,,,,,
EMD0605302,怪物遊戲,Goosebumps,2015/12/31,6045,6053,,,,,,,,
EMD0605303,葉問3,Ip Man 3,2015/12/31,6045,6053,,,,,,,,
EMD0605304,翻轉幸福,Joy,2015/12/31,6045,6053,,,,,,,,
EMD0605401,海邊,By The Sea,2016/1/8,6046,6054,,,,,,,,
EMD0605402,神鬼獵人,The Revenant,2016/1/8,6046,6054,,,,,,,,
EMD0605501,愛在他鄉,Brooklyn,2016/1/15,6047,6055,,,,,,,,
EMD0605502,瞎趴姊妹,Sisters,2016/1/15,6047,6055,,,,,,,,
EMD0605503,大賣空,The Big Short,2016/1/15,6047,6055,,,,,,,,
